,label
owxbbpjpch.mp4,FAKE
vpmyeepbep.mp4,REAL
fzvpbrzssi.mp4,REAL
htorvhbcae.mp4,FAKE
fckxaqjbxk.mp4,FAKE
sphirandia.mp4,FAKE
vsmadeuczx.mp4,FAKE
ohaqlzfnuv.mp4,FAKE
komngcqveq.mp4,FAKE
iafvzgpbix.mp4,FAKE
uaukglhmje.mp4,FAKE
syxobtuucp.mp4,REAL
dtjcyzgdts.mp4,FAKE
viuioldtnu.mp4,FAKE
wnaweyzlqh.mp4,FAKE
ejhhdlzpjg.mp4,FAKE
sxyrkshzsg.mp4,FAKE
uvfkppqsjy.mp4,FAKE
kedahvzait.mp4,FAKE
idczhqbbqz.mp4,FAKE
clzkcmoyhb.mp4,FAKE
vpjfmetsvn.mp4,FAKE
muksyyltmg.mp4,FAKE
ztwlbdwyni.mp4,FAKE
jaurxwocly.mp4,FAKE
jkxjvuioek.mp4,FAKE
dhjnjkzuhq.mp4,REAL
xcruhaccxc.mp4,REAL
rfpjsloxzg.mp4,FAKE
kmcdjxmnoa.mp4,FAKE
vvwuqslvnq.mp4,FAKE
rpxnyljmsf.mp4,FAKE
txxungvxms.mp4,FAKE
vtunvalyji.mp4,REAL
ihnhxathkq.mp4,FAKE
lobxktzhbg.mp4,FAKE
slhinthqcq.mp4,FAKE
hqzwudvhih.mp4,FAKE
xpzfhhwkwb.mp4,FAKE
sglzgdcjkb.mp4,FAKE
xxvwbfmgzy.mp4,FAKE
dtmlspmqqp.mp4,FAKE
hsxrmrcaqh.mp4,FAKE
ykbhmueovi.mp4,FAKE
inzrlbgtul.mp4,FAKE
xtcbnasaew.mp4,FAKE
kgfcupxgur.mp4,FAKE
nkojmntmdg.mp4,FAKE
btizoxwqwp.mp4,FAKE
zvsivkdkak.mp4,FAKE
yjllqhbmke.mp4,FAKE
qyqufaskjs.mp4,REAL
ygknkubeyb.mp4,FAKE
wkczijuamz.mp4,FAKE
dolynaukae.mp4,FAKE
eisofhptvk.mp4,FAKE
xymeodlrhb.mp4,FAKE
vqwkmjorkj.mp4,FAKE
rnpefxwptv.mp4,REAL
gilzdnbpep.mp4,FAKE
bpguesjrfa.mp4,FAKE
vamicuaopj.mp4,FAKE
jqypqwufdv.mp4,FAKE
oypqzdrhcr.mp4,FAKE
nglitpseyp.mp4,FAKE
onknhowfqb.mp4,FAKE
izjvqhjokl.mp4,FAKE
wirblaouzv.mp4,FAKE
hgjdosshpt.mp4,FAKE
padqtwbzzo.mp4,FAKE
gxzdueambi.mp4,FAKE
qjvjkojjkl.mp4,FAKE
oobmorozgk.mp4,FAKE
dsiirbwwyt.mp4,FAKE
buzdtxdyid.mp4,FAKE
aymlynzeni.mp4,FAKE
gcphojsohr.mp4,FAKE
scpglaliyh.mp4,FAKE
wwvykizoms.mp4,FAKE
fswszwicfw.mp4,FAKE
uyhqrokmfe.mp4,FAKE
imndwwlfui.mp4,FAKE
rpnetwqgqz.mp4,FAKE
stgusxhcta.mp4,FAKE
oibtsgqujh.mp4,FAKE
iazovjywij.mp4,FAKE
lxnqzocgaq.mp4,FAKE
sttnfyptum.mp4,REAL
eurhttghny.mp4,FAKE
kdiokpezzi.mp4,FAKE
gbgtzspdnv.mp4,FAKE
tyijytqowe.mp4,FAKE
wvjtrmduky.mp4,FAKE
hqcrauawma.mp4,FAKE
chzqptmqxv.mp4,FAKE
kkxgqvpusd.mp4,FAKE
tvjlounpor.mp4,FAKE
tkcuhfhdzs.mp4,FAKE
sufvvwmbha.mp4,FAKE
ozeqabydww.mp4,FAKE
yxirnfyijn.mp4,FAKE
uklvqsnxgv.mp4,FAKE
ngyoubuxyf.mp4,FAKE
wpysxggnok.mp4,FAKE
ocveomkblt.mp4,FAKE
qjwomijmcb.mp4,FAKE
wpnukldybg.mp4,FAKE
xdbnawbnvf.mp4,FAKE
drmtvuyoam.mp4,FAKE
xugmhbetrw.mp4,REAL
lblzsydwit.mp4,FAKE
euzlhrwolz.mp4,FAKE
yhchnvjcok.mp4,FAKE
zfkgevlnur.mp4,FAKE
uqtqhiqymz.mp4,REAL
fgbopxbkam.mp4,FAKE
kkhrtmftlq.mp4,FAKE
hbdvyzpqny.mp4,FAKE
khfyqlxazq.mp4,FAKE
pxgzahcusu.mp4,FAKE
cvycgtwfsi.mp4,FAKE
keuvybqsbr.mp4,FAKE
skewcclbhg.mp4,FAKE
hjxckindzx.mp4,FAKE
espkiocpxq.mp4,FAKE
cvdrzlkwdf.mp4,FAKE
uiaubrlxyl.mp4,FAKE
kafmsctues.mp4,FAKE
snlyjbnpgw.mp4,FAKE
gkicllwmyb.mp4,FAKE
iimnvjpgoy.mp4,FAKE
zxyvcnkeiz.mp4,FAKE
sfjtewgmuy.mp4,FAKE
liuujwwgpr.mp4,FAKE
oejlipxtai.mp4,FAKE
dabysiasvf.mp4,FAKE
ypufjcamul.mp4,FAKE
hsvbimzuza.mp4,FAKE
skrpivsmry.mp4,FAKE
gfkdvulbfo.mp4,FAKE
vwbzhldrub.mp4,FAKE
mynzuyrmdy.mp4,FAKE
mcbubknuyd.mp4,FAKE
myszscymzv.mp4,FAKE
epeyujjlhn.mp4,FAKE
xexmngtcha.mp4,FAKE
usutboyyqq.mp4,FAKE
vjzhumqpwi.mp4,FAKE
ebzsqgfpgh.mp4,FAKE
rmmcypdfbr.mp4,FAKE
vnnohpqhjq.mp4,FAKE
kanuhxwqaa.mp4,FAKE
cqomufbzpp.mp4,FAKE
edqhdckynd.mp4,FAKE
ngnoguzzkd.mp4,FAKE
jawgcggquk.mp4,REAL
auquqlmsts.mp4,FAKE
embmaestpq.mp4,FAKE
mmhrkzptld.mp4,FAKE
mxibogtmey.mp4,FAKE
gmctmgmyob.mp4,FAKE
msoqnkucal.mp4,FAKE
smxxhrcwlv.mp4,FAKE
yabvnuhvkn.mp4,FAKE
alhqaurncj.mp4,FAKE
wvuualjyur.mp4,FAKE
lclrhuuwnj.mp4,FAKE
myoydssaii.mp4,FAKE
ssitlrruir.mp4,FAKE
fuiglusbnl.mp4,FAKE
yiabajckla.mp4,FAKE
awigxxbbpb.mp4,FAKE
rxpwfcsqum.mp4,FAKE
wyctddnyko.mp4,FAKE
meehftqexr.mp4,FAKE
pyujkxwaks.mp4,FAKE
zaendkbrip.mp4,FAKE
lbuwogzooa.mp4,FAKE
xdqrsjzsul.mp4,FAKE
pzqxrczvxb.mp4,FAKE
wzrhdvpktx.mp4,FAKE
tamvgvhhbr.mp4,FAKE
ewknjjmzqb.mp4,FAKE
brpkkgdggv.mp4,FAKE
yexeazbqig.mp4,REAL
horutnradk.mp4,FAKE
hivnldfvyl.mp4,REAL
bqvhlqlrba.mp4,FAKE
gvlraqlweh.mp4,FAKE
lmpfbmeade.mp4,FAKE
duczhwighk.mp4,FAKE
nombfkmhum.mp4,FAKE
cemftmsxis.mp4,FAKE
osmnegfehr.mp4,FAKE
pbvgwcwzkg.mp4,FAKE
gnlvnyrpfq.mp4,FAKE
kfgdvqjuzu.mp4,FAKE
uccwyoqmtq.mp4,FAKE
pkkmysbvfh.mp4,FAKE
mzxtrdcccw.mp4,FAKE
kpdsblcqvg.mp4,FAKE
rlffjkxsqq.mp4,FAKE
scssmbfchs.mp4,FAKE
cjndhcclqi.mp4,FAKE
wfzjxzhdkj.mp4,REAL
erbfxwbqic.mp4,FAKE
drlkcilgmc.mp4,FAKE
xawrxpyoau.mp4,FAKE
vdnitwfbvr.mp4,FAKE
gqnkarjtmh.mp4,FAKE
gfknvvudwk.mp4,FAKE
gkqitjodaa.mp4,FAKE
wykqjiughm.mp4,FAKE
yimqkeekjm.mp4,FAKE
apedduehoy.mp4,REAL
qjsroipniu.mp4,FAKE
dfcoyuhhex.mp4,FAKE
bmfkkzheii.mp4,FAKE
juzjntqofi.mp4,FAKE
ehfmarmsvo.mp4,FAKE
wumkadhelo.mp4,FAKE
nxnelrhins.mp4,FAKE
xgohnozhqe.mp4,FAKE
cvqyddpcxj.mp4,FAKE
uhakqelqri.mp4,FAKE
kfhmhoxjtx.mp4,FAKE
surcmsyrlz.mp4,FAKE
kiswvzlayw.mp4,FAKE
exseruhiuk.mp4,REAL
wpvnnqoqvc.mp4,FAKE
nfggixifqp.mp4,FAKE
lnhkjhyhvw.mp4,REAL
coujjnypba.mp4,FAKE
zepsangjjb.mp4,FAKE
nflbwkeqpz.mp4,FAKE
poxhzrfhha.mp4,FAKE
kcidxranvr.mp4,FAKE
jxlhrgwjdt.mp4,FAKE
ybdtkypwez.mp4,FAKE
nokldtllhe.mp4,FAKE
lbiprboxjx.mp4,FAKE
queqdqiqwj.mp4,FAKE
fedcdqtboz.mp4,FAKE
ljenlvwnlm.mp4,FAKE
qwvxbksoeo.mp4,FAKE
yncjoacwmk.mp4,FAKE
prdrkaxeob.mp4,REAL
iftluclqfd.mp4,FAKE
tynejafvov.mp4,FAKE
xnkktewjmu.mp4,FAKE
xcmrhxjhfr.mp4,FAKE
fjrueenjyp.mp4,FAKE
wmooshykkb.mp4,FAKE
epwesrdmpt.mp4,FAKE
augwyjvlqa.mp4,FAKE
efktbhpilh.mp4,FAKE
cxjtjcinqt.mp4,FAKE
opsjddoxui.mp4,FAKE
lvuvvfmmli.mp4,FAKE
ibjomudxdp.mp4,FAKE
tqsratgvwa.mp4,FAKE
kssjbbrmem.mp4,FAKE
ilflslfgbn.mp4,FAKE
vmdpfyfkwi.mp4,FAKE
xssuxipwtu.mp4,FAKE
kfbdnasciu.mp4,FAKE
dzpokpqpxr.mp4,FAKE
awfjdqqygu.mp4,FAKE
rdbxcbseek.mp4,FAKE
kfnrvxndoj.mp4,FAKE
pqdeutauqc.mp4,REAL
uwzlafwdra.mp4,FAKE
hsbljbsgxr.mp4,FAKE
aaqaifqrwn.mp4,FAKE
ksjpgrujqv.mp4,FAKE
dsvopuhqiz.mp4,FAKE
zovntpfyum.mp4,FAKE
uaspniazcl.mp4,FAKE
gwzfugbidx.mp4,FAKE
untxvzuldz.mp4,FAKE
omrtielsni.mp4,FAKE
duciovvndy.mp4,FAKE
maxybxfgts.mp4,FAKE
bytfrsxnwi.mp4,FAKE
rmplscucbt.mp4,FAKE
dzlpfpszyv.mp4,FAKE
xjzkfqddyk.mp4,REAL
pjqxxtafix.mp4,FAKE
pmmhsciico.mp4,FAKE
yihsmubqwx.mp4,FAKE
dwkkqhxclz.mp4,FAKE
hdgfgvcoqk.mp4,FAKE
jstwvimaml.mp4,FAKE
rfjuhbnlro.mp4,FAKE
rqlpmeyhqh.mp4,FAKE
pilxtozlrg.mp4,FAKE
uakmltagvm.mp4,FAKE
snjzgkxvym.mp4,FAKE
koxwykmawn.mp4,FAKE
whpyhuicpe.mp4,FAKE
zrueallpey.mp4,FAKE
wjypybysuw.mp4,FAKE
fufcmupzen.mp4,REAL
tkyrsegtdw.mp4,FAKE
jqlsethxvz.mp4,FAKE
sakziaduuh.mp4,FAKE
uraibiaste.mp4,FAKE
aiuimrebtg.mp4,FAKE
mdihiuwzea.mp4,FAKE
idmruoiylw.mp4,FAKE
bykgnyykta.mp4,FAKE
fybkxkgstv.mp4,FAKE
gwsmeakcic.mp4,FAKE
llkhptusjn.mp4,FAKE
dywronddes.mp4,FAKE
kezvvweubg.mp4,FAKE
mfvqmuulak.mp4,FAKE
zpilavstvx.mp4,FAKE
yzuestxcbq.mp4,FAKE
mpuugiqewv.mp4,FAKE
cfyayetydv.mp4,FAKE
frmzkdhkzw.mp4,FAKE
zcnslhnnhl.mp4,FAKE
gtdjfweoyr.mp4,FAKE
gxonqiyzpk.mp4,FAKE
haxnhfvqvs.mp4,FAKE
rrdamrrple.mp4,FAKE
gccnvdoknm.mp4,FAKE
qcjwsygnxe.mp4,FAKE
ryccazlbju.mp4,FAKE
hasjjkoygr.mp4,FAKE
tdontxxzek.mp4,FAKE
rxicpvwbdn.mp4,FAKE
oyqgwjdwaj.mp4,FAKE
uotkopqsnc.mp4,FAKE
gtinxlhder.mp4,FAKE
umpscxhfsk.mp4,FAKE
lokzwdldxp.mp4,REAL
dkojxwpvza.mp4,FAKE
jgybxxtltz.mp4,FAKE
xykfexpxnv.mp4,FAKE
cxgieqcozm.mp4,FAKE
ntpmamjdyk.mp4,FAKE
xrqhflacsg.mp4,FAKE
ikpyxzpiiv.mp4,FAKE
scxgpnknil.mp4,FAKE
eefzpdrrji.mp4,FAKE
hplxtssgnz.mp4,REAL
yajhwipypq.mp4,FAKE
zqjzmarjbk.mp4,FAKE
xnmnhtwtex.mp4,FAKE
yqlojrwakg.mp4,FAKE
gfoozygynw.mp4,FAKE
zpbggelffo.mp4,FAKE
ytyptdjoay.mp4,FAKE
etdliwticv.mp4,FAKE
zmndlwmybr.mp4,FAKE
culaevxduf.mp4,FAKE
ddqtkrkmjn.mp4,FAKE
atrteuctxr.mp4,FAKE
toinozytsp.mp4,FAKE
sijzcbwppo.mp4,FAKE
gvbcwuyaot.mp4,FAKE
cythdgxpdi.mp4,FAKE
uqiehguuzl.mp4,FAKE
gcdtglsoqj.mp4,REAL
zyjmvauuzw.mp4,FAKE
npneqyjgiq.mp4,FAKE
occttwpuuq.mp4,FAKE
mvnahpueuk.mp4,FAKE
voudmumlov.mp4,FAKE
xkmpyvtdch.mp4,FAKE
bbnesewcot.mp4,FAKE
biatmogsbv.mp4,FAKE
huznbaakma.mp4,FAKE
ojayvjcdna.mp4,FAKE
hvlqewtbbf.mp4,FAKE
tnougkhbju.mp4,FAKE
pfvbpqjaxg.mp4,FAKE
jquevmhdvc.mp4,FAKE
dgyeaodnzw.mp4,FAKE
djgbahezbh.mp4,FAKE
kihrpdtbwy.mp4,FAKE
gfcycflhbo.mp4,FAKE
yuuaxskvqi.mp4,FAKE
cbzxykepbl.mp4,FAKE
rtwlskwxqy.mp4,FAKE
xnztznqlis.mp4,FAKE
qowkhqmzam.mp4,FAKE
hpwdlgshqg.mp4,FAKE
jphmkhpoeb.mp4,FAKE
kkemhrscxz.mp4,FAKE
nbypuhsjwp.mp4,FAKE
fsdrwikhge.mp4,FAKE
jdzgjbqksy.mp4,FAKE
lptoozyjas.mp4,FAKE
tnwavwcrmn.mp4,FAKE
pjkgenkrgb.mp4,FAKE
jbwtvoixgc.mp4,FAKE
bihlajjbnl.mp4,FAKE
wfgelanyvu.mp4,FAKE
itfsvvmslp.mp4,FAKE
jjxzidyitl.mp4,FAKE
ytoghswfjl.mp4,FAKE
qfgxitlutn.mp4,FAKE
nyknlonjxq.mp4,FAKE
swsaoktwgi.mp4,FAKE
dahvuijxob.mp4,FAKE
tdsndnisso.mp4,FAKE
vapznfzfle.mp4,FAKE
uzrbokfzmp.mp4,FAKE
wczbchfnad.mp4,FAKE
enqxsifggs.mp4,FAKE
qodykiwotk.mp4,FAKE
uhrofvfghh.mp4,FAKE
oykagryjjd.mp4,FAKE
iagkfqsiqf.mp4,FAKE
ujsihxqppu.mp4,FAKE
zvuidmemcp.mp4,FAKE
jwkgjrmfxp.mp4,FAKE
lgqlkfrnuc.mp4,FAKE
tbujzmjpsl.mp4,FAKE
dxdzrfikon.mp4,FAKE
xewwsdhdro.mp4,FAKE
nadprinqny.mp4,FAKE
yhoincdvdk.mp4,FAKE
jhetgmikln.mp4,FAKE
wclvkepakb.mp4,REAL
iwtjnrbcbb.mp4,FAKE
cthdrbnhpo.mp4,FAKE
urvzpbswoh.mp4,FAKE
cqhwesrciw.mp4,FAKE
lzertxjdds.mp4,FAKE
ealulizawd.mp4,FAKE
gjxfowkaeo.mp4,FAKE
ktrleojxlf.mp4,FAKE
ysqbnccstr.mp4,FAKE
asdzplbhnm.mp4,FAKE
qrkjzekzkc.mp4,FAKE
laojqujlsg.mp4,FAKE
alidfjtwvg.mp4,FAKE
tvakyyfsvb.mp4,FAKE
pzzuimgwei.mp4,FAKE
frsjawvaoq.mp4,FAKE
ridrlfphki.mp4,FAKE
smxqivzwed.mp4,FAKE
ufaigyxttb.mp4,FAKE
sgyztejbsh.mp4,FAKE
wugnnrsolg.mp4,FAKE
tjdxwdoumt.mp4,FAKE
vsxuvpwqmm.mp4,FAKE
kqsjsvinkd.mp4,FAKE
zbvlctwcqr.mp4,FAKE
nhsqkozagd.mp4,FAKE
qweikxnvyq.mp4,FAKE
hkvcbcfulf.mp4,FAKE
xtaktzlrme.mp4,FAKE
sochqsfsow.mp4,FAKE
szulggywzw.mp4,FAKE
ldpfwhrhcx.mp4,FAKE
apzckowxpy.mp4,FAKE
lrpjtzwsdt.mp4,FAKE
lkdqvgrmzh.mp4,FAKE
ptpusmxreb.mp4,FAKE
eqakbrnwmd.mp4,FAKE
ludeqgyyct.mp4,FAKE
lncevtcwya.mp4,FAKE
vopokawkip.mp4,FAKE
bzvzpwrabw.mp4,FAKE
gpjhljtyoq.mp4,FAKE
tvhjcfnqtg.mp4,FAKE
gmaghrdamw.mp4,FAKE
kujvvxpted.mp4,FAKE
gohsbddbhu.mp4,FAKE
omfsuzvgxn.mp4,FAKE
nwtdlrhqtf.mp4,FAKE
xfmcdyaipa.mp4,FAKE
kzezrsewki.mp4,FAKE
dkenctaoes.mp4,FAKE
zhkqxjalrq.mp4,FAKE
enhiqdvfpu.mp4,FAKE
jmcryhnksj.mp4,FAKE
hcanfkwivl.mp4,FAKE
vstmxsekmm.mp4,FAKE
upmgtackuf.mp4,REAL
nzeqbdtlla.mp4,FAKE
zxvgazoudy.mp4,FAKE
hbtcuqhwyy.mp4,FAKE
rptqbxpesg.mp4,FAKE
lmjzfqizks.mp4,FAKE
wcssbghcpc.mp4,FAKE
lljlzhmrhp.mp4,FAKE
pframtxswx.mp4,FAKE
ttsiapwbgk.mp4,FAKE
kbssbcdcxx.mp4,FAKE
drooaxkvib.mp4,FAKE
rmuxlgsedw.mp4,REAL
ljkjnwrzxv.mp4,FAKE
bemkbovwsz.mp4,FAKE
ygsffqgqcg.mp4,FAKE
pvevprrtnu.mp4,FAKE
calhtslbzf.mp4,FAKE
pftrwqispi.mp4,FAKE
ccrrlidqnp.mp4,FAKE
qjeidqbpgj.mp4,FAKE
kiyuduxzuc.mp4,FAKE
twxfrcqxfu.mp4,FAKE
zkarzsylvk.mp4,FAKE
yrivmbpotx.mp4,FAKE
lnjkpdviqb.mp4,REAL
faktmhmtpb.mp4,FAKE
hicjuubiau.mp4,REAL
ntpvqwgmqe.mp4,FAKE
mcllgspbtl.mp4,FAKE
usqqvxcjmg.mp4,FAKE
rtpbawlmxr.mp4,FAKE
mqmgqlbzct.mp4,FAKE
tafsqvrhuv.mp4,FAKE
vtlxnjhdvs.mp4,FAKE
xjfvhfyunl.mp4,FAKE
qlueobbhbc.mp4,FAKE
zpllznxapc.mp4,FAKE
gyrdgpiygb.mp4,FAKE
birmbtezni.mp4,FAKE
twntheorhj.mp4,FAKE
ruvadafqri.mp4,FAKE
mordcwbchi.mp4,FAKE
uripyyofxy.mp4,FAKE
fsaronfupy.mp4,REAL
gozbrlxguv.mp4,FAKE
yptchajnvb.mp4,FAKE
prhmixykhr.mp4,FAKE
uzcezdepho.mp4,FAKE
mrovsdlffg.mp4,FAKE
uaqxrykyxq.mp4,FAKE
bwjqcwhpfr.mp4,FAKE
toewhlbcgt.mp4,FAKE
jhczqfefgw.mp4,FAKE
ecnmwevrxo.mp4,FAKE
ccjiwxnihq.mp4,FAKE
dcwnkxrsgg.mp4,FAKE
pcwavxhyrj.mp4,FAKE
ookwdfuxzy.mp4,FAKE
iorrnxiyyo.mp4,FAKE
nzuvtbkmye.mp4,FAKE
prmwoaeeng.mp4,REAL
dbgztzhbhb.mp4,FAKE
kmhiqddyhh.mp4,FAKE
hitfycdavv.mp4,FAKE
gldlvkplzy.mp4,FAKE
nrrselamng.mp4,FAKE
qzchhaoptt.mp4,FAKE
yhbpxjcglo.mp4,FAKE
utqhlximwa.mp4,FAKE
fdzrcjpewd.mp4,FAKE
gtfwzfrxml.mp4,FAKE
kquembvlju.mp4,FAKE
gqnaxievjx.mp4,FAKE
lhipivaobq.mp4,FAKE
tnrmnayszi.mp4,FAKE
goyrhrvden.mp4,FAKE
acryukkddn.mp4,FAKE
kpmieleslf.mp4,FAKE
frqhofmoob.mp4,FAKE
apmzxocjio.mp4,FAKE
wdcrhqtjhf.mp4,FAKE
wmoigsbnem.mp4,FAKE
zzlsynxeff.mp4,FAKE
ucthmsajay.mp4,REAL
lslmnvlhhe.mp4,FAKE
tjywwgftmv.mp4,FAKE
cqtxrekabh.mp4,FAKE
yivspcmkbk.mp4,FAKE
fopjiyxiqd.mp4,REAL
wsakxxhoae.mp4,FAKE
xfgdnsbnto.mp4,FAKE
brtujopkby.mp4,FAKE
lydmxmeegq.mp4,FAKE
mphsgertmm.mp4,FAKE
moerpiyczb.mp4,FAKE
zumqskdmht.mp4,FAKE
yugbeaqhlf.mp4,FAKE
tdspbqidzz.mp4,FAKE
pgehjsocyc.mp4,FAKE
jinomojicv.mp4,FAKE
jtrbieopvk.mp4,FAKE
xzqgptotdo.mp4,FAKE
jdfaxqtpjk.mp4,FAKE
zqodmfrtbs.mp4,FAKE
acagallncj.mp4,FAKE
lsadkstabm.mp4,FAKE
wyqdbqmbjk.mp4,FAKE
jytrvwlewz.mp4,REAL
gnslnjrgnx.mp4,FAKE
yllztsrwjw.mp4,FAKE
zybunacsgi.mp4,FAKE
mywukrvlwr.mp4,FAKE
safmejeucy.mp4,FAKE
aegvtnwqoe.mp4,FAKE
wutqmgtqac.mp4,FAKE
cqbhgsmffd.mp4,FAKE
qrgrezupjj.mp4,FAKE
yotyalfqqv.mp4,FAKE
cwvpcctjgs.mp4,FAKE
axfhbpkdlc.mp4,FAKE
uplcuyuvgf.mp4,FAKE
kdzirwrnyk.mp4,FAKE
sqbyylskze.mp4,FAKE
rxjcinqyqd.mp4,FAKE
itwvssoevj.mp4,FAKE
atzwrsivnb.mp4,FAKE
rmufsuogzn.mp4,REAL
wfugqfvekh.mp4,FAKE
ndonldsrsr.mp4,FAKE
vjfjniqnxx.mp4,FAKE
uiqhpnzcmp.mp4,FAKE
nsifmpyfnq.mp4,FAKE
mfkzoapcqm.mp4,FAKE
wsgmrrwxwt.mp4,FAKE
wlyfcpecea.mp4,FAKE
jdkvgcjxje.mp4,FAKE
vzockawbyi.mp4,FAKE
dlfuxshert.mp4,FAKE
pceaundfcd.mp4,FAKE
gudedkpnie.mp4,FAKE
elxflqcpgp.mp4,FAKE
yzrngdribf.mp4,FAKE
xlmduthjih.mp4,FAKE
iffvaaswwj.mp4,FAKE
adftmlvzfs.mp4,FAKE
mmuolksboc.mp4,FAKE
mrhajrsgxh.mp4,FAKE
rxwqoruisz.mp4,FAKE
bzyawroeif.mp4,FAKE
flilazlokf.mp4,FAKE
bzxauvpscl.mp4,FAKE
vtzlfurays.mp4,FAKE
inwiunnxmr.mp4,FAKE
tufacqdefx.mp4,FAKE
zjcpgizmgd.mp4,FAKE
lmhkuaobue.mp4,FAKE
bnitzihcqs.mp4,FAKE
nrnklcxdzq.mp4,REAL
kpwwhpqfkx.mp4,FAKE
phjlaexgcl.mp4,FAKE
qkzabeimvu.mp4,FAKE
rjwftlbrfh.mp4,FAKE
ynrueopehk.mp4,FAKE
tvhwcpfuuz.mp4,FAKE
cmoizyxqcc.mp4,FAKE
lustdsegqq.mp4,FAKE
lcyjrsfrfx.mp4,FAKE
yfzulfwjue.mp4,FAKE
udxqbhgvvx.mp4,FAKE
kxhwssipyi.mp4,FAKE
dxfdovivlw.mp4,REAL
lbsltufgrh.mp4,FAKE
cyifdylbln.mp4,FAKE
zwgrutmnsn.mp4,FAKE
nwvloufjty.mp4,FAKE
baiyzipjbr.mp4,FAKE
dtwxxkuvox.mp4,FAKE
srfefmyjvt.mp4,REAL
veynowrrav.mp4,FAKE
ihrjvevuce.mp4,FAKE
vgcwxcyiof.mp4,FAKE
lbfqksftuo.mp4,FAKE
rndxzqfjfk.mp4,FAKE
ofquuujxmu.mp4,FAKE
hphiyksrth.mp4,FAKE
titungrbgd.mp4,FAKE
bhvnfaylpk.mp4,FAKE
xrtvtthfec.mp4,FAKE
idsupeszcp.mp4,FAKE
tktsmomimq.mp4,FAKE
qdqdsaiitt.mp4,FAKE
ielrrtwsdr.mp4,FAKE
xlhxkekacj.mp4,FAKE
tuykyajhbr.mp4,FAKE
wfbqqomqmm.mp4,FAKE
oykwlqtcmj.mp4,FAKE
yeeceldqpx.mp4,FAKE
bxdhnnffvw.mp4,FAKE
scyowrqkep.mp4,FAKE
pllpxvzpok.mp4,FAKE
eiwtggvtfp.mp4,REAL
zvjzhuinck.mp4,FAKE
gumgvhycum.mp4,FAKE
ljxpqhvydy.mp4,FAKE
shnsajrsow.mp4,FAKE
gpzwvdkuie.mp4,FAKE
prcndkhjfm.mp4,FAKE
kstmekinaw.mp4,FAKE
iodwjkqblp.mp4,FAKE
oakntpdygb.mp4,FAKE
lbapaexcrc.mp4,FAKE
syuxttuyhm.mp4,FAKE
wztythgahw.mp4,FAKE
hnalkvbcim.mp4,FAKE
jtpupxzgoa.mp4,FAKE
yivoplhlcj.mp4,FAKE
gyosvoeamf.mp4,FAKE
iugnysiwao.mp4,FAKE
wlvmxuomea.mp4,FAKE
mfnsxrdygp.mp4,FAKE
sjwedraykt.mp4,FAKE
ezzfdnllnp.mp4,FAKE
tmjcigspif.mp4,FAKE
vinguynpez.mp4,FAKE
tnrasovsbr.mp4,FAKE
iurmztyqed.mp4,FAKE
uozecebzki.mp4,FAKE
lbxbstcwwl.mp4,FAKE
lbwzzntrcc.mp4,FAKE
yckyxxeqtd.mp4,FAKE
bmhghysucl.mp4,FAKE
rthtvpztdu.mp4,FAKE
jbxviammiv.mp4,FAKE
vrgubwmtyo.mp4,FAKE
yfxtuimubx.mp4,FAKE
fgobmbcami.mp4,REAL
fxredodlkl.mp4,FAKE
drjwafunon.mp4,FAKE
lcqguoqxrb.mp4,FAKE
whdwipuosf.mp4,FAKE
gujnhuvarb.mp4,FAKE
atpngxfnhr.mp4,FAKE
udjqbuaqch.mp4,FAKE
hthuorhwdn.mp4,FAKE
vecdesnjqd.mp4,FAKE
rnfvcslcmf.mp4,FAKE
hsbwhlolsn.mp4,REAL
dtwzjhoizi.mp4,FAKE
kjwnylvwuo.mp4,FAKE
ldtgofdaqg.mp4,REAL
hvqfhieetb.mp4,FAKE
rdkqpgajlg.mp4,FAKE
irlgidcrvj.mp4,FAKE
zrplhkcesw.mp4,FAKE
phunswkrpy.mp4,FAKE
jkqivqkrnc.mp4,FAKE
lbjyragfls.mp4,FAKE
fnkkqtouoz.mp4,FAKE
rktrpsdlci.mp4,REAL
grqyyhfexr.mp4,FAKE
jxvoarslil.mp4,FAKE
uzcpzcdwfv.mp4,FAKE
heiyoojifp.mp4,REAL
olmndbetml.mp4,FAKE
aylqthgnhe.mp4,FAKE
uprwuohbwx.mp4,REAL
vvldcncxda.mp4,FAKE
ygngdbjmox.mp4,FAKE
hclsparpth.mp4,FAKE
mzwfaambxx.mp4,FAKE
pmsjopmocd.mp4,FAKE
xdapclpbip.mp4,FAKE
eneofiltbk.mp4,FAKE
jeosukfzow.mp4,FAKE
hqxfenmiis.mp4,FAKE
yqahpmrcmp.mp4,FAKE
meiyjcknbl.mp4,FAKE
lznkdhgwms.mp4,FAKE
muhgixhdmd.mp4,FAKE
ernfzaruwz.mp4,FAKE
gfdjzwnpyp.mp4,FAKE
wdhvvkuwuq.mp4,FAKE
liheortwbu.mp4,FAKE
vpwnqqtgdd.mp4,FAKE
qpobbumrhm.mp4,FAKE
iyswglziib.mp4,FAKE
zoleozlpfj.mp4,FAKE
amluexcfvi.mp4,FAKE
fbgfjwjrzl.mp4,FAKE
lugcggbehx.mp4,FAKE
qqontzpfxr.mp4,FAKE
ougeeoojhh.mp4,FAKE
hwcnsgqzld.mp4,FAKE
steqjxorfa.mp4,FAKE
citnmpozjl.mp4,FAKE
xbdqbydiwc.mp4,FAKE
dbhthsgych.mp4,FAKE
miiocrddnj.mp4,FAKE
ywcfkvqemt.mp4,FAKE
jeblbsmlij.mp4,FAKE
qjpugmbxhb.mp4,FAKE
wynotylpnm.mp4,REAL
yxvmusxvcz.mp4,REAL
iojmxrzvxe.mp4,FAKE
cefpmcqwex.mp4,FAKE
loiajhczyc.mp4,FAKE
lwqkgvyeas.mp4,FAKE
xmkwsnuzyq.mp4,REAL
whgfvrprxj.mp4,FAKE
yerppzhfiv.mp4,FAKE
jbxjvkdnci.mp4,FAKE
mvvrdfleux.mp4,FAKE
odxetivvot.mp4,FAKE
jjguwagxur.mp4,FAKE
xtegzrbvaz.mp4,FAKE
qcinzstvzy.mp4,FAKE
laarpodtry.mp4,FAKE
dhyybsrvwc.mp4,FAKE
crflaflooj.mp4,FAKE
mszblrdprw.mp4,FAKE
gjiziopvis.mp4,FAKE
ctzgudcdyu.mp4,FAKE
brihlutndc.mp4,FAKE
wozzcuoagt.mp4,FAKE
vurjckblge.mp4,FAKE
lwjrmxvvag.mp4,FAKE
vzcldbilmd.mp4,FAKE
btyxvpjgcc.mp4,FAKE
ppmvktsmkc.mp4,FAKE
jkfoehpdnd.mp4,FAKE
mwjnvqeyqp.mp4,FAKE
wrzuyvgcog.mp4,FAKE
tpvukvpape.mp4,FAKE
hrovzkcyjw.mp4,FAKE
ahhdprhoww.mp4,FAKE
mfgswvvnba.mp4,FAKE
ygmobxlwoi.mp4,FAKE
doiljuhamq.mp4,FAKE
gcnhqdxwqd.mp4,FAKE
pthbuiuswl.mp4,FAKE
xwukecfpeb.mp4,FAKE
echdilwfig.mp4,FAKE
bdnoxibdvz.mp4,FAKE
lifgmjcybk.mp4,FAKE
axzjovaktp.mp4,FAKE
ybjbxrpmod.mp4,FAKE
vriivjhzpk.mp4,FAKE
yokwqbiqle.mp4,FAKE
pelmgfqkmh.mp4,FAKE
rpanzyxdwh.mp4,FAKE
fjafyicjlw.mp4,FAKE
yeouperxzc.mp4,FAKE
bxooifrfzo.mp4,FAKE
fdpisghkmd.mp4,REAL
eauhakbohz.mp4,FAKE
jppzzcldui.mp4,FAKE
cygixvotoj.mp4,FAKE
roqbnlondz.mp4,FAKE
eugcprxhvd.mp4,FAKE
wzfbvxemxn.mp4,FAKE
goxbkycgkg.mp4,FAKE
dvrnrzlqdo.mp4,FAKE
sbgajsyted.mp4,FAKE
xchzardbfa.mp4,REAL
vqelbvngnc.mp4,FAKE
rwkfxxgkrh.mp4,FAKE
rndcqgjrqk.mp4,FAKE
gvasarkpfh.mp4,REAL
qypedtpatd.mp4,FAKE
vpsngiunec.mp4,FAKE
avoqheikrk.mp4,FAKE
dlpaibcwsy.mp4,FAKE
wxzekbdrqk.mp4,FAKE
wxhaqrvsif.mp4,FAKE
nhsijqpoda.mp4,REAL
slayysqett.mp4,FAKE
xhxlsedcyb.mp4,FAKE
hefisnapds.mp4,FAKE
gfncmhgdio.mp4,FAKE
nbjwcgpeoi.mp4,FAKE
wzrkgntquh.mp4,FAKE
ybefzibreb.mp4,FAKE
yzjzczodyz.mp4,FAKE
teohokreqz.mp4,FAKE
ajeegjgyzk.mp4,FAKE
vgiaotyvjm.mp4,FAKE
ndrnxgzlmn.mp4,FAKE
tpfjysjysn.mp4,FAKE
romzqwhhlb.mp4,FAKE
pqavaksffx.mp4,FAKE
dmirtsrziw.mp4,FAKE
ybbrkacebd.mp4,REAL
arwyjgnvlp.mp4,FAKE
fnslimfagb.mp4,REAL
mnvyuokhem.mp4,FAKE
qnxnrzonvv.mp4,FAKE
vxuhkqqaqv.mp4,FAKE
didzujjhtg.mp4,REAL
fydhhlvjsj.mp4,FAKE
ngvcqxjhyb.mp4,REAL
llgpkbhorg.mp4,FAKE
utxbqyxdwo.mp4,FAKE
zigzhwlpcd.mp4,FAKE
iwswulwtjp.mp4,FAKE
cjxbcxpbqi.mp4,FAKE
wrrtklwiuf.mp4,FAKE
scrbqgpvzz.mp4,FAKE
fecaapkwdm.mp4,FAKE
ridiczlgdt.mp4,FAKE
rixpoeqiaq.mp4,FAKE
mauhkjfaww.mp4,FAKE
tqsbmniqan.mp4,FAKE
rfcgheaqwm.mp4,FAKE
jgdzqmqalr.mp4,FAKE
zuvktiyzzr.mp4,FAKE
aejvkfbtxs.mp4,FAKE
lrdnmalbhr.mp4,FAKE
bztdemptfg.mp4,FAKE
tnecbhfzba.mp4,FAKE
dilfhyevdv.mp4,FAKE
xkfliqnmwt.mp4,REAL
cvmcvcqpgn.mp4,FAKE
xiaykkootc.mp4,FAKE
qrxgkksxfu.mp4,FAKE
rjmxcwolhm.mp4,FAKE
sjwywglgym.mp4,FAKE
ktwfxtzjbn.mp4,FAKE
dlrcprykef.mp4,FAKE
uuexerjsmk.mp4,FAKE
fsiunpwpqx.mp4,FAKE
cwqycdjevy.mp4,FAKE
pglroykzea.mp4,FAKE
ykiiuksurb.mp4,FAKE
oqhqvsiyaz.mp4,FAKE
qhmkklxqlw.mp4,FAKE
louyyobufp.mp4,FAKE
kjpxvgjsal.mp4,FAKE
pzdfwdnmyx.mp4,FAKE
kdycxkmnnw.mp4,FAKE
vlplaxowmp.mp4,FAKE
txsyzefnur.mp4,FAKE
mnqxygpnmf.mp4,FAKE
slvtfdxsmd.mp4,FAKE
zhopdnywsb.mp4,FAKE
sentzzguhv.mp4,FAKE
nimfdfkezw.mp4,FAKE
vbcjbecyos.mp4,FAKE
dlybulufda.mp4,FAKE
ovynyicanw.mp4,FAKE
ifjzcxxvcd.mp4,FAKE
mqukycwlwj.mp4,FAKE
vrceadqnhq.mp4,FAKE
alnkzqihau.mp4,FAKE
bqefygjsnx.mp4,FAKE
roqyiqgwzd.mp4,FAKE
csofafwrts.mp4,FAKE
rmvhavnlme.mp4,FAKE
ywajbwquvw.mp4,FAKE
cqroxivqio.mp4,FAKE
noavesktql.mp4,FAKE
ltqghwybkf.mp4,FAKE
vmwcynlwee.mp4,FAKE
oxwglsatdl.mp4,FAKE
qnghrfvbgb.mp4,FAKE
jzupayeuln.mp4,REAL
txmnoyiyte.mp4,FAKE
lgkakqesov.mp4,FAKE
guqayoypew.mp4,FAKE
kjzyrkhnaf.mp4,FAKE
geknowufwz.mp4,FAKE
eppyqpgewp.mp4,REAL
qmmzklpowl.mp4,FAKE
ljuuovfkgi.mp4,REAL
inxftbkcqq.mp4,FAKE
pcegaugmyi.mp4,FAKE
awnfpubqmo.mp4,FAKE
achdeirhym.mp4,FAKE
ncoeewrdlo.mp4,FAKE
aeqpxjlbwu.mp4,FAKE
wbdpryfqgy.mp4,FAKE
hjddjiqcpb.mp4,FAKE
ctooqkhtgp.mp4,FAKE
pbwkrxzgkd.mp4,FAKE
xartlyjtjw.mp4,FAKE
dqlmffnywx.mp4,FAKE
rokgoeaybe.mp4,FAKE
ywzumxqcsf.mp4,FAKE
nwypeqqonh.mp4,FAKE
xbhppttlaz.mp4,FAKE
wfhpfqyrdg.mp4,FAKE
mfodqgnnav.mp4,FAKE
ndfwdmawcv.mp4,FAKE
fhtmnfeqft.mp4,FAKE
dyjklprkoc.mp4,FAKE
ogrzmxwtom.mp4,FAKE
ntkrwyqoop.mp4,FAKE
ybwvoogtii.mp4,FAKE
gvcrwbnzpa.mp4,FAKE
sdzzzxteas.mp4,FAKE
bxgbpdjgjv.mp4,FAKE
doniqevxeg.mp4,REAL
onepaeivvr.mp4,FAKE
csqojsqtgn.mp4,FAKE
qdfoiguwaf.mp4,FAKE
fhzdtfiqrh.mp4,FAKE
cerwqpmouj.mp4,FAKE
sdorhlibip.mp4,FAKE
iocjgjemeb.mp4,FAKE
eowsoapzuj.mp4,FAKE
onbgbghesu.mp4,REAL
pktyfrvywo.mp4,FAKE
xgzueumhot.mp4,FAKE
ysxtcdphlj.mp4,FAKE
fdqafjiqtn.mp4,FAKE
znxyqjeodn.mp4,FAKE
vhqnsjfnsl.mp4,FAKE
mkblttkrmq.mp4,FAKE
esjdyghhog.mp4,FAKE
oqnpzvjsac.mp4,FAKE
pkkvvhnrla.mp4,FAKE
vauwynfqoz.mp4,FAKE
gecrjewspu.mp4,FAKE
nrdnytturz.mp4,FAKE
ukthabiilt.mp4,FAKE
cyhxxnezbo.mp4,FAKE
lrjxcwrzls.mp4,FAKE
sqfzwnkpph.mp4,FAKE
acdkfksyev.mp4,FAKE
ptgpqdnxtd.mp4,FAKE
zmjszxzxpz.mp4,FAKE
gnxgiwcknq.mp4,FAKE
fqmfvshgns.mp4,FAKE
iyhzzwoqmi.mp4,FAKE
xscsjnesyj.mp4,FAKE
jvtjxreizj.mp4,REAL
ouxixrpsnd.mp4,FAKE
tjqjumumjm.mp4,FAKE
jranrlmuyk.mp4,FAKE
wcqvzujamg.mp4,REAL
wtcvgvuqzd.mp4,FAKE
urgdtdchei.mp4,FAKE
vuvkhebmuz.mp4,FAKE
pdouadxxba.mp4,FAKE
bbxqtnztyy.mp4,FAKE
tqxmhhmsyv.mp4,FAKE
wnlubukrki.mp4,FAKE
tszsvitufh.mp4,FAKE
cfhejdmemu.mp4,FAKE
ohwwmrnowu.mp4,FAKE
nixohljfqx.mp4,FAKE
uqqivuldlu.mp4,FAKE
oaruliortd.mp4,FAKE
hsosrxlnzk.mp4,FAKE
mpivbgsohk.mp4,FAKE
bwsytelwkm.mp4,FAKE
jvadnjprqn.mp4,FAKE
twxnazwxup.mp4,FAKE
fmeptfderu.mp4,FAKE
lebzjtusnr.mp4,FAKE
temjefwaas.mp4,FAKE
ivtbbwejej.mp4,FAKE
yklkjjlpyj.mp4,FAKE
axbvoepbdc.mp4,FAKE
qdrjugpyhy.mp4,FAKE
uoantcwpwm.mp4,FAKE
vokrpfjpeb.mp4,REAL
bkcztuqxbp.mp4,FAKE
cvboojbsxa.mp4,FAKE
qcsuzqqohv.mp4,FAKE
yminuwlmoh.mp4,FAKE
apvzjkvnwn.mp4,REAL
xgzgnpxhng.mp4,FAKE
knxltsvzyu.mp4,REAL
ijehzkozkp.mp4,FAKE
zbmsvslybw.mp4,FAKE
vhpjdjspre.mp4,FAKE
mwrblsiixn.mp4,FAKE
xpxrjwwibn.mp4,FAKE
rdqanntvqj.mp4,FAKE
hwibtynenh.mp4,FAKE
tptalpxwlv.mp4,FAKE
fzqnoyzhbm.mp4,FAKE
qloyrbpobv.mp4,FAKE
pqjlbhkhzr.mp4,FAKE
exxqlfpnbz.mp4,REAL
nxbmkntfzt.mp4,FAKE
yyzqbaexnn.mp4,FAKE
vmbkxmjsar.mp4,FAKE
tqmmvmxqpn.mp4,FAKE
zplyjqnfmv.mp4,FAKE
eilfbdisof.mp4,FAKE
aimzesksew.mp4,FAKE
qsyahidemw.mp4,FAKE
voawxrmqyl.mp4,FAKE
fzkzqwoghs.mp4,FAKE
lzbmwwejxb.mp4,REAL
bobihhgccf.mp4,FAKE
euavjxseoz.mp4,FAKE
whdijawumf.mp4,FAKE
jmhqbsgzrg.mp4,FAKE
ujvrrbmmye.mp4,FAKE
vtsbizlvxg.mp4,FAKE
psjfwjzrrh.mp4,REAL
clpvgmopjx.mp4,FAKE
oxthhmwxnz.mp4,FAKE
getmctvhmd.mp4,FAKE
wydkvyqaxj.mp4,FAKE
dootttqtvv.mp4,FAKE
demuhxssgl.mp4,FAKE
xtevltafix.mp4,FAKE
crwzrpozbv.mp4,FAKE
ambabjrwbt.mp4,FAKE
xkichouvzp.mp4,FAKE
yuephcvqzq.mp4,FAKE
gmonvwaujc.mp4,FAKE
jorfifqxhq.mp4,FAKE
nsccdwwlsc.mp4,FAKE
rdiogxmrwa.mp4,FAKE
rfeagdwnnn.mp4,FAKE
rtkhyvbcjg.mp4,FAKE
vqvmlwhabu.mp4,FAKE
hyjqolupxn.mp4,FAKE
kajzbtxqdk.mp4,FAKE
qnlyrlrnmn.mp4,FAKE
augowetyej.mp4,FAKE
ikjlhrwzeo.mp4,FAKE
oamtblkzpt.mp4,FAKE
ycpuhmcdom.mp4,FAKE
dxrqdhegop.mp4,FAKE
miusulscga.mp4,FAKE
alpkghdgrv.mp4,FAKE
hzmppzxsuy.mp4,FAKE
fuzdxjsqvp.mp4,FAKE
rnxnytbudq.mp4,FAKE
jxqibxwhlc.mp4,FAKE
pfhmcogosi.mp4,FAKE
gepzcywmsx.mp4,FAKE
fhgnmqzfca.mp4,FAKE
tpkawovfsk.mp4,FAKE
xzaourmddl.mp4,FAKE
bqamrsyvnf.mp4,FAKE
yfnvwhnofw.mp4,FAKE
xbtmhdgcie.mp4,FAKE
llseqxuobs.mp4,FAKE
uipygodqdq.mp4,FAKE
xjsovchfkg.mp4,FAKE
wdyzqwntoe.mp4,FAKE
nweufafotd.mp4,REAL
cxgsjamupo.mp4,FAKE
nxzgekegsp.mp4,FAKE
nqrcttpsme.mp4,FAKE
wgddfhuvoq.mp4,FAKE
qhugrooovy.mp4,FAKE
zamdpqkmaz.mp4,FAKE
wezyzowkwh.mp4,FAKE
ovzegelwbu.mp4,FAKE
gzkggvloao.mp4,FAKE
eckloytegm.mp4,FAKE
oopzotineh.mp4,FAKE
kgcbejdwal.mp4,FAKE
ncqjcvgayx.mp4,FAKE
iyhkhsdhma.mp4,FAKE
ybnucgidtu.mp4,REAL
eppmwpntfi.mp4,FAKE
jfvsrcfame.mp4,FAKE
dibwmyrpql.mp4,FAKE
rvaliysfnr.mp4,FAKE
ijgcwhjkua.mp4,FAKE
vxsvhjcpeh.mp4,FAKE
vzocjdjdcg.mp4,FAKE
taagzkcswj.mp4,FAKE
nbibouebku.mp4,FAKE
svtocotxob.mp4,FAKE
ktvvpqqupl.mp4,FAKE
xhtppuyqdr.mp4,FAKE
pepaibwxnd.mp4,FAKE
xbokoalmlv.mp4,FAKE
gjjpzsgigh.mp4,FAKE
omizcfnsic.mp4,FAKE
rhvsxaewcr.mp4,FAKE
hldhchyhfg.mp4,FAKE
xjidmljhxe.mp4,FAKE
zqtvyuoabj.mp4,FAKE
nmgnxptofk.mp4,FAKE
nwdhwzcpoi.mp4,FAKE
gpskwigkxd.mp4,FAKE
ekkheaisuo.mp4,FAKE
yrdqoqggkh.mp4,FAKE
hsbrwaeaah.mp4,FAKE
pemiibmvkj.mp4,FAKE
kxzgidrqse.mp4,FAKE
ddtbarpcgo.mp4,REAL
sgyrvomqcf.mp4,FAKE
qarqtkvgby.mp4,REAL
qhsehzgxqj.mp4,FAKE
sfbnrbvbpn.mp4,FAKE
chqqxfuuzi.mp4,REAL
hurcutcxpb.mp4,FAKE
wegsexmajl.mp4,FAKE
zwsbdiyrpg.mp4,FAKE
hhyxweyjlt.mp4,FAKE
yvvrvvkhob.mp4,FAKE
dpevefkefv.mp4,REAL
furvgnwfln.mp4,FAKE
rujcwrjwhf.mp4,FAKE
ivdlxktqvk.mp4,FAKE
kadzgvxsii.mp4,FAKE
cdyotmvujc.mp4,FAKE
xiriffwqri.mp4,FAKE
pjkmbiofvd.mp4,FAKE
bldeizqycp.mp4,FAKE
petmyhjclt.mp4,FAKE
opvqdabdap.mp4,FAKE
cbybbxuusl.mp4,FAKE
mtfhqqlkgs.mp4,FAKE
wiqnwcizhc.mp4,FAKE
jakregbmuf.mp4,FAKE
mlruidevki.mp4,FAKE
oxljjggptm.mp4,FAKE
nlurbvsozt.mp4,FAKE
oolnekhvhx.mp4,FAKE
pqexbhcasg.mp4,FAKE
ulkrhrktaz.mp4,FAKE
zbpwazdhtz.mp4,FAKE
gbatfzbsjs.mp4,FAKE
pgzduygsyr.mp4,FAKE
tmgdhykjbo.mp4,FAKE
vgdwxafmnp.mp4,FAKE
yotgejovqt.mp4,FAKE
rmchuqjjwr.mp4,FAKE
wsxxdlhnhh.mp4,FAKE
qwocosaxwe.mp4,FAKE
nqfpecqeab.mp4,FAKE
uxchsxvvme.mp4,FAKE
kqlvggiqee.mp4,REAL
dypesfpwyi.mp4,FAKE
qcxkxcemcb.mp4,FAKE
neklzzpkyo.mp4,FAKE
msfssnmldu.mp4,FAKE
xdezcezszc.mp4,REAL
ozqysilrin.mp4,FAKE
uikpmbsozb.mp4,FAKE
fokjbuazgr.mp4,FAKE
ansbtntiqu.mp4,FAKE
akpuczgfpk.mp4,FAKE
msfhpjlxya.mp4,FAKE
ynycdheids.mp4,FAKE
ojsxxkalat.mp4,FAKE
xwlwgvujnz.mp4,FAKE
nslhmkeicc.mp4,FAKE
cjhwsuzeuz.mp4,FAKE
yhqltdyvcy.mp4,FAKE
gnmmhlbzge.mp4,REAL
escwylyxap.mp4,FAKE
blwvnvsbmz.mp4,FAKE
cogcvbbjcm.mp4,FAKE
qrogkembje.mp4,FAKE
nswlwuzzda.mp4,FAKE
ushjtzfvyn.mp4,FAKE
fyrckgsqvg.mp4,FAKE
jrgfabamaa.mp4,FAKE
sylnrepacf.mp4,REAL
dghhdvdzrb.mp4,FAKE
fahrejqccb.mp4,FAKE
obpxzorkar.mp4,FAKE
fxuxxtryjn.mp4,FAKE
abhggqdift.mp4,FAKE
asxhhsants.mp4,FAKE
osaesqnzgw.mp4,FAKE
vyxgqftjfs.mp4,FAKE
gnxlbuwucy.mp4,FAKE
cqpdqjzgcs.mp4,FAKE
zpidqyqocx.mp4,FAKE
isgjlgucub.mp4,FAKE
uhgxwxlait.mp4,FAKE
jmkjrabiak.mp4,FAKE
dtfyluocuh.mp4,FAKE
ckfqqhpbph.mp4,FAKE
khtwrijuqn.mp4,REAL
fbxpssbrqp.mp4,FAKE
nphtrwjtff.mp4,FAKE
mkphymhgbd.mp4,FAKE
hfeacozznh.mp4,FAKE
zccpfawquo.mp4,FAKE
qydhcvvjys.mp4,FAKE
cdcdoqbdmi.mp4,FAKE
cmvymfbmlb.mp4,FAKE
hrbkraauwx.mp4,FAKE
bfktkdugru.mp4,FAKE
lwtgwggkpb.mp4,FAKE
sgdiraogcc.mp4,FAKE
obttmvmtvi.mp4,FAKE
xnfrhixfym.mp4,FAKE
hhddxuhorq.mp4,FAKE
yoredbmvzx.mp4,FAKE
zrxngesosr.mp4,FAKE
lsmnqsnqld.mp4,REAL
tkvhbpjuvd.mp4,FAKE
srnseorykn.mp4,FAKE
mcjvcndrey.mp4,FAKE
hcqxrwzgxt.mp4,FAKE
nxzpmygaut.mp4,FAKE
xhcxlgyjdj.mp4,FAKE
hdytjaiglk.mp4,FAKE
wsqjykletd.mp4,FAKE
lcndemqsox.mp4,FAKE
ratscdfvdk.mp4,FAKE
qjzzeyijyv.mp4,FAKE
bwlxucgxro.mp4,FAKE
xvzjzkrmlm.mp4,FAKE
ueobjeflda.mp4,FAKE
runmncglnj.mp4,FAKE
rqsjnyjukt.mp4,FAKE
avznxuwvbx.mp4,FAKE
zxprilbsxp.mp4,FAKE
hwtupajxgl.mp4,FAKE
pvlbqbyxxi.mp4,FAKE
fpcncmwzxf.mp4,FAKE
mnnxgycfik.mp4,FAKE
ygfoblbxcx.mp4,FAKE
jmkqtjuuqu.mp4,FAKE
gczieafvpe.mp4,FAKE
yljecirelf.mp4,REAL
dsgswagtvp.mp4,FAKE
xjpwlxducl.mp4,FAKE
qusnfjluuh.mp4,FAKE
qcnsahyrvi.mp4,FAKE
erbgcpjuzj.mp4,FAKE
bjxasekfcx.mp4,FAKE
xhssxmjzrm.mp4,FAKE
jsbpkpxwew.mp4,FAKE
qvebuvzhcs.mp4,FAKE
eyyigsrqff.mp4,FAKE
cybnhobdyh.mp4,FAKE
slkqbehdcq.mp4,FAKE
aoydktojny.mp4,FAKE
mdahmdjnkk.mp4,FAKE
ioolqahamw.mp4,FAKE
jccvzepxjn.mp4,FAKE
dflpzzixje.mp4,FAKE
vmxfwxgdei.mp4,REAL
jgzwhkcrcc.mp4,FAKE
nyxrmccdss.mp4,FAKE
aayrffkzxn.mp4,REAL
hectzcuzdv.mp4,FAKE
yxkbjxmtzr.mp4,FAKE
wkdnagybtb.mp4,FAKE
fonrexmbzz.mp4,FAKE
etychryvty.mp4,FAKE
